106.542939583333,16.6946002473661,0.0890608106782006,0.0384259904676696,104.414404166667,106.50401875,112.38421875,1.71179195132937,0.621554166666667,0.980021806935392,18.1107702762748,9.4013012336947,1.91032311442245,4.94238522728225,0.00203686473709357,1242.77702617748,1.0618305744888,11036919,64,40,26,14,3,2,2,1,0,0,1,0,1,0,0,0,0,0,0,1
122.692629166667,23.6862610185517,0.0967920776580388,0.061142550282066,120.078304166667,122.550985416667,130.409197916667,1.74004732184662,0.748670833333333,0.978692077773892,36.2491379207837,4.60981130918316,1.44036887748668,7.51350994543214,0.00951584647236821,934.863001986572,1.12244401168452,8421524,33,18,7,4,0,1,5,0,3,2,0,0,1,0,1,0,0,0,0,2
93.4328166666667,16.8585446084705,0.0764107629810843,0.0459893450326188,92.9812229166667,92.9479270833333,97.1032291666667,1.78196107171078,0.46438125,0.995166647371757,51.1077293567226,4.55257583380957,1.12320907015443,3.81967670011148,0.000666381673246662,1677.63530481723,1.06389970788705,12468193,29,36,25,22,8,8,11,1,3,3,1,1,0,2,0,0,0,1,0,1
99.6940979166667,15.5351466720757,0.0766666606546082,0.052123413569528,98.8466833333333,99.321175,103.848625,1.73539376998662,0.55268125,0.991499852036961,20.2484567313166,3.49940222806077,0.775495083069624,3.90839766640682,0.000924133075162824,1505.28384925525,1.06146543330088,11776039,20,42,21,26,19,6,10,17,5,1,1,0,3,4,0,0,0,2,0,2
107.462952083333,14.55213750218,0.0840814959848437,0.0414203479595742,106.778179166667,106.789735416667,112.755825,1.73062811016678,0.601052083333333,0.993627823325236,21.095023109729,4.29778261230928,0.929999584565601,3.11906019228674,0.000276611260592954,1564.83682031165,1.04990262901655,13089759,29,56,27,30,25,11,10,4,3,3,2,1,1,1,0,0,0,0,0,1
126.428625,24.4948974278318,0.0944538383842139,0.0630037313357127,123.941675,126.189810416667,134.279608333333,1.83775330243785,0.772654166666667,0.980329217374625,107.563934476199,4.30337672897063,1.31315733980099,7.83637605719986,0.0122421438210912,942.902536441438,1.13278967867575,8721636,23,22,9,2,1,2,3,2,1,3,0,1,0,0,0,0,1,0,1,1
92.7329625,15.9410679397217,0.0789825138323235,0.0349177837819714,92.10015,92.27019375,96.7906291666667,1.78417302299861,0.460616666666667,0.993175970195064,25.4950975679639,9.40792087424674,1.64806890445604,4.01599316015792,0.000720865709424062,1667.22568545109,1.06888997078871,12055903,55,58,27,11,10,6,2,0,0,0,0,0,0,0,0,0,0,0,0,1
121.114622916667,20.4796844635887,0.0951625791913319,0.0494429239455398,118.884504166667,120.786329166667,128.7985875,1.75853105980158,0.730460416666667,0.981586709380795,44.9444101084885,6.76841352806732,1.77185582631103,7.02155053184802,0.00692785475394171,971.104374648997,1.14569133398247,8489853,56,20,8,5,4,3,2,0,0,3,0,0,1,0,0,0,0,0,0,1
107.747377083333,16.2300534240138,0.0880151031360775,0.0433057066944384,105.70826875,107.697466666667,113.394814583333,1.70176170006221,0.620420833333333,0.981075100029987,105.759160359753,5.82194989066942,1.39440893188052,4.59227500188599,0.00274096612769382,1256.6935901627,1.05635345666991,11635646,66,38,19,17,10,2,4,2,0,2,2,1,0,0,0,0,0,0,0,1
125.17719375,22.1564683762799,0.09459761389984,0.0632241467375824,122.640589583333,124.961541666667,133.077945833333,1.59271610236684,0.793395833333333,0.979735892052887,68.1175454637056,3.57294129383098,1.16205042239188,7.04163837687865,0.0064836003051106,988.785286795584,1.08799902629017,8511850,34,18,7,4,5,4,1,4,0,3,1,1,1,1,2,0,0,0,1,1
103.370077083333,17.7574904520116,0.0886646447644771,0.0371816210304046,101.308158333333,103.34938125,108.941402083333,1.73046745164048,0.574933333333333,0.980053040413835,38.2099463490856,12.5544857503994,2.33063089626769,5.68066487288455,0.00396266586197936,1158.64071131005,1.07436708860759,10449128,77,33,12,7,3,3,0,0,0,1,0,0,0,0,0,0,0,0,0,1
104.74353125,16.0836138579157,0.0851107183467656,0.0417181234135915,103.099829166667,104.517377083333,110.256570833333,1.68951195731519,0.583204166666667,0.984307364247534,131.855982041013,7.31738264220195,1.57572644721257,4.58307558193142,0.00170367390047024,1369.308496995,1.06061343719572,11230964,50,44,27,22,7,6,4,4,0,1,0,0,0,0,0,0,0,0,1,1
105.804766666667,16.3299316185545,0.089572558213995,0.0336836643836475,103.7617875,105.732372916667,111.559333333333,1.69487448272517,0.59823125,0.980691047945855,12.0415945787923,13.9498903595346,2.30712889849778,4.64324272219009,0.00169110066135238,1235.05377993479,1.07120253164557,11341059,80,47,20,6,5,2,0,0,1,0,0,0,0,0,0,0,0,0,0,1
126.680927083333,25.3924421709095,0.0947084173096156,0.0651223808376368,124.110883333333,126.504504166667,134.457052083333,1.96150854752526,0.77398125,0.97971246493713,77.7817459305202,5.64060014872021,1.79914740687392,8.80232143904913,0.011626055104316,876.85191238967,1.2963729308666,8053273,33,15,5,2,3,1,1,2,0,0,0,0,0,0,1,1,0,1,1,1
107.465735416667,17.4420569920143,0.0897147565455993,0.0520500168210007,105.270652083333,107.4701,113.287397916667,1.77875153772422,0.622335416666667,0.979574109600399,115.104300527826,4.42357046160122,1.29273381022899,5.07523826288128,0.0025607497003378,1169.76195086378,1.05684031158715,10611067,35,37,25,12,8,5,3,2,3,2,3,1,1,2,0,1,0,1,0,1
106.64655625,15.8022461270213,0.0903188244571603,0.0475102802948518,104.56286875,106.58485625,112.489141666667,1.70266131411709,0.614525,0.980461746039737,55.9016994374947,5.35502453229672,1.36941039907778,4.37254717060209,0.00135162320517012,1321.1411346091,1.06913339824732,11259145,64,34,26,17,7,6,8,1,2,1,2,1,0,1,0,1,0,1,0,1
126.77085625,19.5525160773685,0.0963597212531563,0.0541012553263867,124.531095833333,126.2992,135.139922916667,1.71785267067074,0.804604166666667,0.982332213547176,89.8888202169769,5.7990561449628,1.64307752715163,7.46289846690304,0.010444170627237,1026.41749021383,1.1333982473223,8452128,53,22,10,10,5,2,1,3,1,1,1,0,0,2,0,0,0,0,1,1
93.647975,15.6669890360128,0.0777637506516038,0.0447427180411052,92.9550458333333,93.21745625,97.6924354166667,1.79950615697187,0.4715,0.992600703147434,8.06225774829855,5.17346151303394,1.1508176162621,4.15200207877553,0.000741821107953831,1617.61735442285,1.06024829600779,11747350,19,36,37,25,23,12,7,4,2,3,1,1,1,1,1,0,0,0,2,1
103.257616666667,15.2811489592083,0.0835891888860542,0.0489836720627168,102.601816666667,102.597610416667,108.39690625,1.66365808359707,0.566002083333333,0.993648894665882,19.4164878389476,3.45293159969204,0.63650169000723,3.45724260483986,0.000456827687948969,1625.29249964376,1.04807692307692,12919024,22,35,24,22,22,18,16,7,8,2,1,2,1,1,0,0,3,0,0,1
104.436897916667,16.0836138579157,0.0905264110344108,0.0340173613919912,102.353133333333,104.372541666667,110.28269375,1.69773433632612,0.59825625,0.98004762086101,11.4017542509914,13.7989277570206,2.26485824906399,4.80769859431187,0.00200543163929892,1248.34251179789,1.06669912366115,10695238,92,40,22,8,2,0,1,1,0,0,0,0,0,0,0,0,0,0,0,1
133.297747916667,20.1877975473136,0.0915343259157751,0.0554019003788081,130.832647916667,132.981097916667,141.477547916667,1.66994611108593,0.8474125,0.981506814342122,73.24616030892,3.77484419845378,1.11917809628512,6.72107735894921,0.00955985280928073,1069.47268673356,1.11075949367089,9112499,44,19,10,10,4,4,2,3,3,3,1,1,1,0,0,0,0,0,0,1
94.5905104166667,15.2811489592083,0.0809076708112917,0.0498749106710406,93.8656,94.0957729166667,99.0428020833333,1.76885264880931,0.479041666666667,0.992336330426028,27.459060435492,3.00688355180556,0.590292304014102,3.90281095715878,0.000521789423391254,1666.88626247894,1.07947906523856,11693587,23,29,26,23,20,15,8,9,10,8,5,1,2,2,0,0,1,2,0,1
100.757002083333,16.2300534240138,0.0838121410789496,0.0404747347242079,99.0608729166667,100.630414583333,105.904410416667,1.70583162754654,0.54989375,0.983166140996694,55.7853027239254,10.5276767854036,2.13457459286872,5.22474664923178,0.00187131708870839,1279.07181834184,1.07850535540409,10221569,55,46,34,13,5,2,5,0,1,0,0,0,0,0,0,1,0,0,0,2
98.1267583333333,15.8943882847805,0.075708800721262,0.0469609950586064,97.30260625,97.7349479166667,102.318397916667,1.72277823019804,0.522154166666667,0.991601148378573,23.5372045918796,4.76010169612114,1.18538750976079,4.51091985817386,0.00123636851325639,1419.83701729239,1.07838364167478,11502582,42,41,19,25,11,11,6,5,1,2,2,2,0,1,0,0,1,0,0,2
109.093229166667,16.8033610083361,0.0890517483832607,0.0424876893010494,107.012166666667,109.00825625,115.04769375,1.68385785762056,0.630797916666667,0.980923999446193,57.4891294072192,8.67350478203619,2.0011983882395,4.7353249344096,0.00175396685694169,1215.68396744369,1.06937682570594,10840881,61,49,19,10,4,2,1,0,3,0,0,1,1,0,0,1,0,0,0,1
124.605775,20.995626366713,0.0948373187081869,0.0618273533291046,122.210079166667,124.293397916667,132.610577083333,1.66779859447354,0.79040625,0.980773797736635,99.8599018625594,3.74279321205906,1.19734178444631,7.37375629709726,0.0082543314808761,986.813744226788,1.09225900681597,8420469,35,25,4,8,6,1,1,6,4,0,1,1,0,1,0,1,1,2,0,1
101.825327083333,16.1807966991178,0.0870465766498124,0.0412505508998553,99.86149375,101.819604166667,107.056670833333,1.64963971647866,0.562810416666667,0.980713704639258,40.6078810084939,7.0701448299833,1.56252015402269,4.91996085531555,0.00213745065003646,1246.83450264457,1.06000486854917,10723293,67,42,25,13,6,4,2,1,1,1,1,1,0,0,0,0,0,0,0,1
98.8479020833333,15.2400152400229,0.0842963387999299,0.0509279377133162,98.2767666666667,98.18555,103.781908333333,1.75448551222538,0.515933333333333,0.994222078520339,30.8058436014987,3.17627008003501,0.86576120015364,3.31823077761293,0.000272420180887,1635.69482234013,1.03347127555988,13329270,41,41,25,18,11,13,8,6,5,5,2,3,3,2,1,0,0,1,0,1
97.5165770833334,15.7116880969915,0.0758125228212848,0.0312216507061803,96.5143541666667,97.24531875,101.551454166667,1.71525800771521,0.527629166666667,0.989722537986437,132.098448136229,17.2299788015612,2.47645286241734,4.48390206284943,0.00129085254943379,1514.7959405202,1.07071567672834,11512617,91,55,19,4,4,1,0,0,0,0,0,0,0,0,0,0,0,0,0,1
111.58143125,15.4919333848297,0.0892675919295186,0.0469674283347818,109.672308333333,111.3639375,117.763547916667,1.70135597561271,0.646541666666667,0.982890317006337,11.1803398874989,3.3472187610429,0.755263168746642,4.30221037543692,0.00139982062178859,1309.89746523499,1.06609055501461,11276783,24,40,27,24,13,18,11,3,6,3,3,4,0,2,1,0,0,0,0,1
100.204310416667,16.131985738136,0.087911778152286,0.04922218614741,98.2376020833333,100.199235416667,105.453275,1.73051159091797,0.549672916666667,0.980373016638152,131.529464379659,5.05484415034866,1.35068256963457,4.91380206368765,0.00162823446576307,1308.1669893798,1.06864654333009,10666159,49,35,32,14,10,4,7,1,5,1,2,0,2,0,1,1,0,0,1,1
99.5227354166667,15.4490787152235,0.0835792918114677,0.0454571749518989,98.94730625,98.8599791666667,104.46410625,1.75667277594686,0.524914583333333,0.994218113436517,113.0,4.37590540472069,0.979951135759469,3.37699809724981,0.000356241775006077,1600.0974551764,1.04929406037001,13730504,37,46,25,23,17,11,4,6,6,2,1,0,1,0,0,0,0,0,1,1
109.77946875,18.6651305051477,0.0879678450866771,0.0521737204758018,107.540347916667,109.775035416667,115.73013125,1.89750463404928,0.633495833333333,0.979603464483578,19.4164878389476,4.89919620744501,1.41864833414048,5.55527824578168,0.00463952523449091,1084.2750186503,1.06450827653359,10491262,30,33,26,11,6,2,3,1,0,2,2,2,2,2,0,0,1,0,0,1
98.0886791666667,16.3805671869584,0.077634043791981,0.0432938351732912,97.1925958333333,97.7252916666667,102.33460625,1.75541645305086,0.522610416666667,0.990864559081168,20.2237484161567,5.51126472240155,1.25619977556839,4.48252738870588,0.00116092907854922,1409.46207911082,1.06353456669912,11495882,31,50,20,24,12,6,8,3,2,1,1,0,0,0,1,1,0,0,0,1
105.9960875,17.7574904520116,0.0882235569600355,0.0406370401336822,103.90820625,105.960720833333,111.707047916667,1.72141322595458,0.602179166666667,0.980302280025195,12.1655250605964,8.87126861176358,1.86951115796202,5.39642375168691,0.00364623934417985,1185.63287818208,1.07899221032132,10577973,58,40,18,8,4,4,1,0,0,2,1,0,0,0,0,0,0,0,0,1
94.5291875,16.0356745147455,0.084056164458885,0.0457447421310941,93.9760666666667,93.9209479166667,99.12905625,1.75652430754043,0.477725,0.994148676742479,24.0,4.62736096073206,1.12354432149448,3.53206595083025,0.000324808677211423,1773.21041315664,1.05866601752678,12536969,45,38,31,14,12,11,1,6,3,2,1,1,1,0,0,0,1,0,0,1
101.59468125,17.9551680499374,0.0882103529794212,0.0398253414072818,99.498075,101.603077083333,107.049735416667,1.73763632090337,0.574527083333333,0.979363031369322,2.0,13.9113766014352,2.65845614843986,5.48108356174718,0.00288346283769625,1201.77473365688,1.0842259006816,10758981,81,31,8,7,2,3,0,0,0,0,0,0,0,0,0,0,0,1,0,1
131.76589375,25.021729686849,0.0938614061029078,0.0605057462476653,129.4251375,131.336252083333,140.1828,1.77742305950696,0.83311875,0.982235492179478,42.0119030752,3.74916208329232,1.07126581039418,7.85941232680363,0.0130174935666927,960.612735853011,1.15859298928919,8489733,24,18,5,6,0,5,1,3,1,1,2,1,0,0,0,1,0,0,0,1
132.770422916667,27.2915295688405,0.0945927245763409,0.0694140583308164,130.2246875,132.44384375,141.2059375,1.91315305525029,0.830935416666667,0.980826035191102,47.0106370941726,3.91747748604393,1.33961386902353,9.73267617203544,0.0210496978231532,996.436111180963,1.32947906523856,8112377,28,11,1,4,4,1,0,1,2,1,0,1,1,0,0,0,1,0,1,1
94.233125,15.7567719431667,0.0754700506151393,0.0466574551428035,93.8076541666667,93.6931020833333,98.1403,1.83888056662417,0.472122916666667,0.995484912196923,108.903627120496,4.05170909243649,0.960798943654606,3.76922238707136,0.000456827687948969,1641.70656993655,1.0646299902629,12826502,26,38,28,29,14,7,10,7,5,3,2,1,0,0,1,0,2,0,0,1
105.45385625,16.431676725155,0.0864309896827103,0.047840757907224,103.46100625,105.404625,110.974791666667,1.72213729564963,0.590825,0.981102160974791,61.3921819126833,4.21498606350127,1.10700711176455,4.90500498738485,0.00186293492929649,1248.00925390399,1.0659688412853,10789192,31,34,31,19,7,12,8,5,2,3,1,1,2,1,0,1,1,0,0,1
142.61316875,29.3938769133981,0.089932451641965,0.0800235675672649,140.614216666667,141.945064583333,151.286133333333,2.06621947868596,0.860452083333333,0.985983397600277,50.2493781056045,2.809090844808,1.07409721522489,10.7692349603105,0.0284113293266611,1222.32671561848,1.41346153846154,7669237,24,8,3,1,2,0,1,2,1,0,2,0,0,1,2,1,1,0,0,1
123.131910416667,17.7574904520116,0.0970023516419915,0.0451312501018576,120.771064583333,122.800404166667,131.144620833333,1.82275979103048,0.772672916666667,0.980826693703164,153.912312697848,6.85662544241229,1.75599622728051,6.17443483290165,0.00560137802700732,1009.79920118021,1.06560370009737,8757972,81,25,6,9,1,7,3,1,2,1,0,0,0,0,0,0,0,0,0,1
93.9715645833333,16.431676725155,0.0745493298518479,0.0433873379548069,92.927075,93.7582833333333,97.8114604166667,1.80916440840131,0.499472916666667,0.9888850463652,18.3847763108502,6.84191030386051,1.71976144975798,5.18328010662107,0.00237215111356988,1349.84530724805,1.08653846153846,10878710,63,40,29,10,6,1,1,1,2,3,2,1,0,0,0,0,0,0,0,1
129.698102083333,24.0,0.0960323173632208,0.064110708744199,127.694508333333,129.0582125,138.267420833333,1.86740237559812,0.802979166666667,0.98455186531016,32.1403173599764,4.89886330199047,1.60124497619481,9.18332201741813,0.0173594521420608,963.639458177216,1.38254625121714,7736206,34,19,5,3,3,1,1,1,0,1,0,3,1,0,0,1,0,0,1,1
131.184685416667,25.021729686849,0.0962272312502294,0.0703768899077841,128.633279166667,130.812433333333,139.831910416667,1.78346416711954,0.836329166666667,0.980551035801959,68.818602136341,4.12208108754453,1.49628596436282,8.87205890981635,0.0134156461387583,943.866488964887,1.3554040895813,7972571,30,19,4,3,0,1,1,1,1,1,0,1,1,1,0,1,0,2,1,1
102.569477083333,16.6410058867569,0.0886114478086372,0.0405180998145576,100.502254166667,102.573695833333,108.027414583333,1.62289219547698,0.569710416666667,0.979845632682839,27.6586333718787,8.28898740877134,1.84777761492093,5.29924937762466,0.00338220132270476,1232.09206963898,1.06925511197663,10919583,71,44,16,10,5,1,3,2,2,0,0,0,1,0,0,0,0,0,0,1
126.862445833333,23.8415824271708,0.0952391180029448,0.0565565360430684,124.365352083333,126.592522916667,134.852439583333,1.86246856817797,0.794204166666667,0.980316525244354,88.1419309976812,7.02233333556455,1.99749569532121,8.80885742785056,0.0111189344598956,893.586684101558,1.36355890944499,7908005,48,10,5,3,2,2,0,1,1,1,0,0,0,0,1,0,0,1,0,1
94.5459229166667,15.7116880969915,0.0717648200454546,0.0442611251955634,93.653075,94.30749375,98.12410625,1.88195269372482,0.50799375,0.990556463048612,50.2095608425328,4.90112627665109,1.06099593393018,4.68180903764428,0.00131390348781653,1405.57375042959,1.06974196689387,10927214,37,39,29,16,15,17,11,4,2,0,1,0,0,1,1,0,0,0,0,2
131.547208333333,26.8328157299975,0.0952237950902856,0.0665699543298477,128.990285416667,131.2300875,139.945016666667,1.81800877852368,0.826352083333333,0.980562697231951,124.402572320672,4.21495842308117,1.48301158910324,9.25960176360634,0.0164960897226343,954.889879380726,1.37475657254138,7751917,37,6,4,0,3,1,0,2,1,1,2,0,0,1,1,0,0,0,0,1
132.684766666667,26.3964807038436,0.0943514466894388,0.0700590026133077,130.152314583333,132.350072916667,141.131745833333,1.93067202127209,0.8270375,0.980913769176718,50.4479930225178,4.76736852015592,1.68315526122663,9.94071717755928,0.0236670270995214,1014.12765190568,1.42502434274586,8031809,37,8,4,1,1,2,1,0,1,0,2,0,0,1,1,0,0,0,2,1
108.907395833333,17.4420569920143,0.0882764970044832,0.0519639011714089,106.697847916667,108.9148,114.7520875,1.76139255561819,0.640160416666667,0.979711681656147,36.7695526217005,4.44674733593381,1.30473449219414,5.23468160367474,0.00286460297901946,1142.56342780027,1.06682083739046,10338871,30,36,26,18,6,6,4,1,2,2,0,4,1,2,2,1,0,0,0,1
133.056964583333,24.0,0.0949072797447017,0.0585867697421163,130.6401625,132.591725,141.820922916667,1.79424299028362,0.88021875,0.981836335355301,81.8352002502591,5.82740671640713,1.78665702647312,8.40988969078214,0.00930419694721754,937.532795198699,1.31913339824732,7983388,44,13,3,3,4,0,1,1,1,0,0,2,0,2,0,0,0,0,0,1
126.20938125,22.0316422090358,0.0942371665640444,0.0663804183806779,123.725310416667,125.940354166667,134.236935416667,1.8145100161639,0.8113875,0.980317859031312,108.687625790612,3.2918822911024,1.08444303100524,7.54896647974451,0.00935029882398304,984.530867302034,1.12195715676728,8518203,31,18,8,6,1,4,7,1,2,2,0,2,2,1,0,1,0,1,0,2
102.953602083333,15.9881613006358,0.0850301823591618,0.0414945579439477,101.311079166667,102.764779166667,108.27441875,1.69829480123638,0.565958333333333,0.98404598883935,38.3275357934736,7.45197957292548,1.63193828746826,4.70110267307064,0.00125103729222722,1322.28117953747,1.0687682570594,10787676,55,47,30,12,9,4,6,2,0,1,0,1,0,0,0,0,1,0,0,1
123.913839583333,19.9080454899359,0.0971323146181076,0.0499872753526913,121.7903625,123.4312125,132.049304166667,1.80234000060605,0.755922916666667,0.982863277496092,89.5879456177002,7.28021121699815,1.86836580957095,6.84819490197065,0.00688594395688217,981.115531303174,1.0912852969815,8654834,54,23,7,9,4,1,6,1,0,1,0,1,0,0,0,0,0,0,0,2
131.5223125,17.8885438199983,0.0932376562360375,0.0531403525531841,129.166947916667,131.119816666667,139.830179166667,1.58966987578657,0.837441666666667,0.982091520909554,80.1311425102625,5.52074573996785,1.62417173720745,6.86650782474581,0.00962062346501706,1068.13901811385,1.15530671859786,8666753,60,27,19,8,5,1,1,3,3,1,0,2,1,2,0,0,1,0,0,1
92.6053395833333,15.7116880969915,0.0808292389461296,0.0541972464440367,91.9451520833333,92.1458291666667,96.7066791666667,1.75765671219165,0.468983333333333,0.992870956437605,48.8364617882991,3.08691221980297,0.773292164419499,3.68054123603323,0.000400248111918592,1675.63459652476,1.04527750730282,13047070,27,31,22,26,16,8,8,4,6,4,10,6,3,0,0,0,0,0,1,3
104.000447916667,17.084843923545,0.0888719468825013,0.0410071753525593,101.8688625,104.027008333333,109.514727083333,1.67835665593907,0.589466666666667,0.979504074651922,33.9558536926993,7.94238316573852,1.77373700182916,5.12785726858953,0.00276820814578252,1210.94666431966,1.06755111976631,10889001,64,42,17,6,9,2,3,2,1,0,0,0,1,0,0,0,0,0,0,1
92.762625,17.2014653724299,0.0802998205846307,0.049045392471126,92.1453770833333,92.24575625,97.0594041666667,1.8012929409704,0.453614583333333,0.993345941679996,19.0262975904404,4.43779633137566,1.05945050820975,4.0185161901409,0.000827738241925885,1662.28275957452,1.05063291139241,12331916,22,38,24,16,13,13,4,3,2,3,3,1,1,0,1,0,0,0,0,2
97.2292979166667,15.8022461270213,0.0763383508763296,0.0404119031063521,96.4090125,96.88541875,101.18145625,1.83892113539367,0.53,0.991563392575665,55.4436651025165,5.41937631169296,1.14549408479642,4.22203711620188,0.00103100560766465,1441.02350776607,1.05890944498539,11802510,44,38,33,23,16,7,3,2,1,2,2,0,1,0,0,0,0,0,0,1
97.2179270833333,16.0836138579157,0.082649791495041,0.0479964943202387,96.6332375,96.6190708333333,101.858672916667,1.76050287023624,0.506847916666667,0.993985784300542,23.3452350598575,3.14343602387639,0.750858645548003,3.56532845491656,0.0003541462351531,1586.37758275287,1.05099805258033,12667874,11,38,32,20,13,14,8,8,6,6,2,2,3,1,1,1,0,0,0,1
103.289620833333,16.1807966991178,0.0897937927247116,0.0420222848661923,101.202866666667,103.294825,108.810989583333,1.77569581724314,0.574085416666667,0.979797058505677,61.3921819126833,6.22831533021756,1.50335934945727,4.7843186561722,0.00154650841149697,1236.23412209453,1.05988315481986,10845363,50,44,33,11,12,3,1,2,4,0,2,1,1,0,0,0,0,0,0,1
102.766235416667,16.6946002473661,0.0890443374432924,0.0366343137138031,100.652654166667,102.772552083333,108.27779375,1.78134347498665,0.578772916666667,0.979433115931216,5.09901951359278,11.0273690841155,2.01267754054999,5.42101700740145,0.00325646893152614,1201.40302679776,1.07850535540409,10395443,77,46,15,7,4,4,1,0,0,0,0,0,0,0,0,0,0,0,0,1
105.446904166667,16.4832676738427,0.0861311249841878,0.0515487083831009,103.47091875,105.410483333333,110.857495833333,1.66620703537461,0.58869375,0.981260849407741,133.454111963626,4.39538577198177,1.18786614467715,4.59263333920084,0.00176025347650062,1300.78765056454,1.0491723466407,11246216,45,26,24,18,12,9,3,7,0,6,3,1,0,0,0,1,0,1,2,1
98.9902416666667,15.7116880969915,0.0790469883670191,0.0480863514143665,98.5643875,98.38743125,103.210652083333,1.71016358328553,0.52200625,0.995698018718848,74.2159012611179,3.38283846421575,0.771880973507416,3.56179537472444,0.0004903563255966,1650.848932532,1.05136319376826,12626173,30,36,31,22,10,17,6,6,4,2,2,5,3,0,0,0,0,0,0,1
93.64105625,16.4832676738427,0.0795206177269814,0.0395029995402353,93.11853125,93.1064,97.76088125,1.79795232714386,0.467341666666667,0.994419915569886,146.874095741897,10.281307785887,2.04464202797427,3.96891266628109,0.0005175983436853,1649.38047459787,1.06268257059396,11863650,54,52,23,14,9,3,1,0,0,0,0,0,0,0,1,1,0,0,0,1
102.850722916667,15.6669890360128,0.0822690811341374,0.0456150358365025,102.15545625,102.2491625,107.7986875,1.67358468509945,0.55460625,0.993240041032769,13.0,3.88169024866625,0.788932482628321,3.71966286954845,0.000852884720161608,1576.82866027946,1.0505111976631,12892263,35,34,31,18,20,11,10,6,3,2,3,1,0,0,0,0,1,0,0,1
101.127177083333,16.3299316185545,0.0858467525573935,0.0383612345556692,99.0998958333333,101.149933333333,106.336377083333,1.82193830847712,0.553945833333333,0.979953150987994,121.379569944863,10.5460395709358,2.20453570449835,5.90922540464875,0.00317893395696599,1175.73723606676,1.0899464459591,10299739,88,44,11,7,4,3,1,1,0,0,2,0,0,0,0,0,0,0,0,1
128.908329166667,22.4126210291289,0.0964128060846447,0.055544576187547,126.64468125,128.483172916667,137.117166666667,1.80773542800408,0.769458333333333,0.982439863030573,12.0415945787923,6.11746131046277,1.85084333926302,8.75592618670422,0.0223237860537632,1052.07788283418,1.29953748782863,8544297,59,9,3,4,1,1,2,3,0,1,2,0,0,0,0,0,0,0,0,1
125.564072916667,22.5440744790654,0.095985479578611,0.0533266162405243,123.033558333333,125.316616666667,133.545854166667,1.85473595365576,0.78725,0.979846826209494,67.2011904656458,9.12247537350679,2.43771069554808,8.88407683087317,0.0111000746012188,885.133213468454,1.27069133398247,8033729,54,17,3,2,1,2,1,0,1,0,0,1,0,0,1,0,0,1,0,1
126.99393125,28.0259619898148,0.0953643892545974,0.0643112817470384,124.36350625,126.849729166667,134.774983333333,1.84758971821195,0.747602083333333,0.979287002346421,35.3553390593274,4.35522894220768,1.38177300618803,9.66898852482377,0.0253141214239612,1005.83580607036,1.35625608568647,7945596,28,8,6,1,4,2,0,0,0,2,0,1,2,0,0,0,0,0,0,1
135.465725,29.6922995583236,0.0917511786819192,0.0696400500747419,132.848758333333,135.227514583333,143.644566666667,1.9183522615784,0.834860416666667,0.980681706264321,30.232432915662,3.52853788599721,1.17818246896361,10.5230320785241,0.0299599332780111,1099.32132588998,1.68646543330088,7714418,24,6,7,1,2,1,0,0,3,0,2,1,0,0,1,0,0,0,0,1
104.310266666667,17.2014653724299,0.0879018948492545,0.0379957161401322,102.205097916667,104.296135416667,109.9117,1.73165402182358,0.59504375,0.9798182018197,8.06225774829855,10.5230557570075,2.06091186594463,5.37214063587061,0.0029421379535796,1167.30661520021,1.0716893865628,10462848,74,41,12,7,7,1,1,0,2,0,0,0,0,0,0,0,0,0,0,1
93.2782291666667,16.4832676738427,0.0745658387009229,0.0427308201600372,92.4219875,92.9583875,97.1554270833333,1.83372892016685,0.471845833333333,0.990820562586616,5.8309518948453,5.46378860974705,1.30798572158151,4.82301908617698,0.00172043821929405,1529.4897570012,1.07680136319377,10784722,51,46,21,16,7,4,4,4,1,4,0,0,0,0,0,0,0,0,0,1
106.024758333333,17.2014653724299,0.0892224251708992,0.0377788699970796,103.889045833333,106.003216666667,111.789954166667,1.68179935141658,0.61261875,0.979856473774875,35.8468966578698,11.4607564377895,2.1528126742787,5.0140065883773,0.00216888374783112,1240.24581520691,1.07546251217137,10895815,63,50,16,10,3,1,0,0,0,0,1,1,0,0,0,0,0,0,0,1
129.035383333333,17.7574904520116,0.0942156643520384,0.0532847252812645,126.662422916667,128.669102083333,137.251910416667,1.6644167059469,0.8267,0.981610002191905,56.3205113613149,5.20087917803679,1.45247718987585,5.67881451119437,0.00507330198405713,1103.26587371439,1.06353456669912,9203715,53,34,10,8,11,6,4,1,3,2,0,1,0,0,1,0,0,1,1,1
95.4423645833333,15.9881613006358,0.0734042691389979,0.0506774827651833,94.3518729166667,95.2492875,99.27754375,1.67983800429209,0.499758333333333,0.988574343569259,144.402216049478,4.62460543027604,1.24866614558899,4.59932649349125,0.000888508897662216,1470.43755710346,1.07801850048686,11165569,34,38,36,11,21,4,3,6,5,1,2,0,2,2,0,0,1,1,1,1
102.138841666667,16.6946002473661,0.0881089369923442,0.0393180937310575,100.0896625,102.138808333333,107.583975,1.70780786702509,0.56616875,0.979937317349317,35.6931365951495,8.29633299825259,1.87341332076075,5.13715517891719,0.00259427833798543,1281.01048189034,1.08325219084713,10837996,79,33,17,14,2,2,0,3,4,0,0,0,0,0,0,0,0,0,0,1
126.083085416667,23.8415824271708,0.0949841121766197,0.0570944840660645,123.600639583333,125.7987125,134.136877083333,1.85063610954933,0.78355625,0.98031103200616,140.431477952772,4.84978015851349,1.38706123162593,8.40840395302638,0.0106914443298883,912.163783203829,1.14398734177215,8105016,38,10,6,5,7,4,1,0,0,2,0,0,0,1,1,0,0,0,0,1
109.500647916667,15.8022461270213,0.0883913393639013,0.0463520768649055,107.724227083333,109.25746875,115.459933333333,1.72307755243943,0.624977083333333,0.983777074682835,13.3416640641263,3.89179806295694,0.999025495462117,4.12378773019505,0.0011441647597254,1364.02096378069,1.05525803310613,11583669,31,49,27,18,16,11,2,3,3,3,4,3,2,0,0,0,0,0,0,1
106.408975,17.4420569920143,0.0869093180565326,0.0515631950795886,104.252491666667,106.429877083333,111.996245833333,1.65579915318689,0.617775,0.979734008965566,117.324336776306,5.08539147316496,1.44684290097547,5.27236360131097,0.00295261565284449,1158.26345965248,1.07947906523856,10550936,44,39,20,10,6,6,2,2,2,4,3,0,1,0,0,1,0,0,0,2
124.197927083333,22.6778683805536,0.0950597945666566,0.0605000879868223,121.737979166667,123.923620833333,132.182785416667,1.71284377869511,0.792039583333333,0.980193325489111,65.3069674690228,3.53216366428062,1.12242190859411,7.32630070158674,0.0076738669416015,988.319854820999,1.12025316455696,8448547,38,16,7,1,4,3,3,4,1,3,0,0,2,1,0,0,0,0,0,1
143.125227083333,31.6962326277225,0.0880058541866044,0.0715625796105091,140.977460416667,142.592891666667,151.480329166667,2.42315994517813,0.851297916666667,0.98499379382353,65.2763356814704,3.0830813860624,1.06407879944933,10.8784859305454,0.0265442033176587,1190.14113880018,1.61696689386563,7619982,23,4,3,2,1,0,2,2,2,0,0,1,1,1,0,0,0,0,0,1
131.222872916667,19.6396101212393,0.0928221018726193,0.0506636788154918,128.799508333333,130.864602083333,139.493127083333,1.58653322404867,0.834945833333333,0.981532452921738,64.0780773744032,4.74411538069703,1.31273094857464,6.3514325110435,0.00799867561881292,1042.53976077317,1.08824245374878,9140008,44,27,11,10,4,3,2,3,2,2,1,1,1,0,0,0,0,0,0,1
123.12641875,24.3265456223815,0.0962340566322437,0.062573471652426,120.668685416667,122.906810416667,130.806527083333,1.83201133567174,0.7461125,0.9800389440521,89.8443097808648,3.86987235102947,1.1752091223205,8.24494974895433,0.0104253107685602,928.007686440181,1.15129016553067,8336501,31,14,5,2,5,3,5,2,1,1,0,1,0,0,0,1,1,0,0,1
106.650166666667,16.9705627484771,0.0882413918293043,0.0362998400669549,104.48195625,106.636102083333,112.46210625,1.7016185485635,0.608279166666667,0.979669882528704,2.82842712474619,11.9715358622387,2.2359369692499,5.90589768736222,0.00464790739390282,1141.32173242471,1.08775559883155,10115315,80,43,13,3,6,1,2,0,0,1,0,0,0,0,0,0,0,0,0,1
94.0453625,15.6226693176989,0.0765329081887252,0.0518145682136972,92.9741020833333,93.8432291666667,97.8964041666667,1.60143225911505,0.495770833333333,0.988609109602117,20.1246117974981,4.35697349787583,1.20376831137893,4.70063536768342,0.00144173141884812,1507.56542275421,1.08519961051607,11180414,23,48,26,23,16,9,9,2,7,0,5,1,0,1,1,2,1,0,1,2
132.3977875,19.5525160773685,0.0926507296873165,0.059550720956585,129.871183333333,132.126358333333,140.491125,1.66890797555158,0.828922916666667,0.980916568060726,98.4784240328814,4.37225804560131,1.42347470869699,6.82407314272303,0.0092078021139806,1036.7234935164,1.10296981499513,8870906,41,32,9,10,3,1,2,1,1,5,0,0,3,2,1,0,0,0,1,1
99.3575458333333,15.9410679397217,0.081676345523918,0.0510682764576854,98.8486666666667,98.7075520833333,104.060227083333,1.71995625662533,0.5190125,0.994878303782581,79.2464510246358,2.69153627699573,0.564643054606174,3.37730404606835,0.000303853278681654,1609.57167584513,1.04113924050633,13073697,30,31,21,18,16,7,12,9,7,6,4,3,2,2,0,0,0,1,0,1
104.10898125,15.8481163138612,0.0901605568263792,0.0485639810059052,102.021320833333,104.08448125,109.770158333333,1.71954980101586,0.595508333333333,0.979947355246388,34.928498393146,4.8223433737703,1.31848614794095,4.55212445830295,0.00134324104575821,1324.78653992842,1.05866601752678,11275286,41,46,29,19,10,7,5,2,2,3,0,1,4,0,1,1,0,0,0,1
105.916129166667,16.1807966991178,0.0872715749475993,0.0461078994175903,104.253770833333,105.663345833333,111.605070833333,1.74512527621808,0.58891875,0.984304955756857,29.4278779391243,4.24070199827245,1.03258382512092,4.30226695501295,0.00145430465796599,1371.40881467884,1.05769230769231,11535769,32,42,28,18,13,8,6,5,6,2,0,2,0,1,0,1,0,0,0,1
130.207727083333,18.0225422755833,0.0947566821987015,0.0495038976310742,127.992760416667,129.693225,138.7126125,1.76461527561389,0.8240625,0.982988976796676,103.479466562212,6.39795476839561,1.72377991883864,7.11346719641914,0.00892071315412277,1035.95682349687,1.13376338851022,8616197,66,26,14,9,5,2,2,3,2,0,0,1,0,0,0,2,0,0,0,1
120.641402083333,20.0932405986941,0.0976037748908151,0.0515204512498849,118.543064583333,120.202739583333,128.516658333333,1.80591718837649,0.722670833333333,0.982606821010331,72.8354309385206,6.0258451101277,1.65718013476797,7.17113645317307,0.00739725568100854,960.595812273158,1.10102239532619,8455258,52,23,9,5,3,3,4,4,1,0,0,0,1,0,0,0,0,1,0,1
98.4819395833333,15.9410679397217,0.0740788373231487,0.0385870603632598,97.4066895833333,98.25831875,102.4596375,1.77002982006014,0.5454375,0.989081754435897,43.1045241245046,7.95470887549573,1.66597343565547,4.62994023520339,0.00143544479928919,1472.69969237475,1.08605160662123,11516131,58,54,24,16,4,7,3,2,0,0,0,0,0,1,0,0,0,0,0,1
107.328085416667,16.8585446084705,0.0860156113872232,0.0458452216699497,105.232014583333,107.311520833333,112.937977083333,1.75544292723002,0.624266666666667,0.980470434880153,14.560219778561,6.25453039040299,1.61593058465523,5.13524823765098,0.00227366074047996,1148.02779104953,1.077288218111,10358351,62,33,24,12,5,4,4,2,0,1,1,1,0,2,0,0,0,0,0,1
135.3547125,27.2915295688405,0.0921090716615934,0.0688162641561237,132.819322916667,135.05058125,143.641239583333,1.87472132643726,0.838889583333333,0.981268553295968,55.4707129934347,4.72604368426763,1.5994214546159,9.91386702542309,0.0209239654319746,975.523931065121,1.31609055501461,8092619,32,9,4,4,1,1,0,0,0,1,1,1,0,1,1,0,0,1,0,1
122.945608333333,26.1861468283191,0.0973311483221869,0.0719445399847511,120.374435416667,122.778354166667,130.678520833333,1.76962994437892,0.725960416666667,0.979086907198055,55.0363516232681,3.63814926755754,1.19309925454757,8.96462100066219,0.0123154877159454,836.971115078667,1.16613924050633,8034457,25,12,6,4,1,4,0,3,2,0,0,0,0,0,1,2,1,0,0,2
98.6824604166667,15.1587345791973,0.0771305955551397,0.0476577272499149,97.6964875,98.3872520833333,102.810441666667,1.76669987594062,0.5419,0.990008630586392,35.7351367704113,4.7429018152702,1.21128619829473,4.18728677881996,0.00101633682869381,1493.77542518504,1.06974196689387,11650606,44,40,31,26,12,10,6,5,2,4,0,0,2,2,0,0,2,0,1,1
105.547966666667,16.8585446084705,0.0884254904037852,0.0325855900109034,103.507254166667,105.48625,111.24819375,1.73781586736121,0.616045833333333,0.980665544164912,100.044989879554,17.9279349702788,2.66878029864568,4.84665468017871,0.00220031684562577,1236.12456727102,1.06292599805258,11122987,89,34,22,5,0,0,1,0,0,0,0,0,0,0,0,0,0,0,0,1
100.400177083333,16.3299316185545,0.0725771695267956,0.0396480294932641,99.4419625,100.07314375,104.617077083333,1.80088316037413,0.564385416666667,0.990456046879897,15.2643375224737,8.70789742265791,1.8950204390029,5.07465570280216,0.00212697295077158,1275.40057082506,1.09079844206427,11263720,76,39,26,7,5,1,3,0,2,1,0,1,0,0,0,0,0,0,0,1
125.299245833333,27.2915295688405,0.0952310156699239,0.0589314933244572,122.711397916667,125.1646625,132.90698125,1.78855714769396,0.735929166666667,0.979346660074005,43.9317652729776,5.14341249590903,1.46980646438892,9.73510490272504,0.0194130811979782,925.206335236084,1.42161635832522,7953809,30,12,3,2,5,0,1,0,2,1,0,0,1,0,0,0,0,0,0,1
106.20423125,16.8585446084705,0.0898422993642076,0.0470619508553702,104.012004166667,106.222595833333,111.9546125,1.78970894151916,0.614975,0.979358382829655,48.3321838943783,4.50830157241785,1.15693880838009,4.85213451689424,0.00209344431312395,1218.76975465419,1.05890944498539,10472998,26,44,32,14,12,6,3,1,3,4,4,0,1,1,0,0,0,0,0,1
141.111179166667,27.5298880644674,0.0911031974704622,0.0685505916803143,138.722208333333,140.686620833333,149.626183333333,1.74966825717169,0.8487,0.983070293597988,16.2788205960997,3.87390966122854,1.3027848564916,10.2462196461052,0.03541462351531,1312.56543113637,1.51728334956183,7905385,31,5,6,2,1,1,2,2,3,1,0,0,0,1,0,0,0,0,1,1
107.408783333333,16.7487157871725,0.087918802168352,0.0422122624592644,105.321679166667,107.353395833333,113.194477083333,1.63982675427694,0.6214375,0.980568589440311,11.4017542509914,8.14773655395798,1.73353270394121,4.74853312210292,0.00194046990385663,1255.46773287734,1.05185004868549,11161942,54,37,33,14,8,2,1,0,1,0,0,1,0,1,1,0,0,0,0,1
127.648816666667,23.2379000772445,0.0954733228351287,0.0544927958920172,125.16290625,127.307370833333,135.997229166667,1.8495217664435,0.830995833333333,0.980525393955212,82.3771813064759,8.10587507307884,2.2877238534384,8.85066554345731,0.0105824762575335,898.416786112438,1.26533592989289,7849534,50,15,5,2,0,2,0,0,1,0,1,1,0,1,0,1,0,0,0,1
107.79175625,17.6930347385877,0.0868029266500134,0.0505839978089424,105.641645833333,107.805166666667,113.413210416667,1.66787902295775,0.627270833333333,0.980053108962434,37.0540146272978,4.36364785176339,1.28086169246345,5.20227407984845,0.0030511060259344,1145.42354213292,1.08240019474197,10943075,38,37,17,18,4,6,0,2,6,4,0,3,1,0,0,0,1,0,0,1
91.584525,15.7567719431667,0.0749907380068972,0.0436535385742582,90.69755625,91.3398583333333,95.1684645833333,1.71088669907185,0.467833333333333,0.990315298900114,22.8254244210267,6.66932514163331,1.48290139556255,4.81106822239545,0.00150878869414339,1517.81298983244,1.07120253164557,11112525,46,46,35,20,10,5,3,2,1,1,1,1,0,1,0,0,0,0,1,1
125.321435416667,26.6119657543646,0.0973062441497831,0.0554973783662613,122.779347916667,125.104458333333,133.233404166667,1.8650575848556,0.752152083333333,0.979715461353055,57.974132162543,5.78643876464258,1.61863516480544,8.82945029798577,0.0122002330240317,843.706486114953,1.21701557935735,7987861,36,10,3,1,3,2,2,1,1,1,0,0,0,0,0,0,0,0,0,1
130.619297916667,18.2998284399126,0.0944380091060119,0.0559765818822758,128.257858333333,130.225775,138.92149375,1.67029656648616,0.830002083333333,0.981921204439179,56.0802995712398,3.65645045509491,1.06075416151961,5.95282939790949,0.00635158129437306,1102.26618804536,1.05890944498539,9277732,46,27,13,11,5,6,5,1,7,3,1,0,0,1,1,0,1,0,0,1
99.0528979166667,17.084843923545,0.0723651357425008,0.0425746203711187,98.10670625,98.7347041666667,103.183622916667,1.74224721785073,0.541722916666667,0.990447612472048,31.1448230047949,6.45078917206574,1.50568739645756,5.15847520138138,0.00224432318253829,1292.14453357474,1.09116358325219,10612493,45,43,28,11,7,4,1,3,0,3,2,0,0,0,0,0,0,0,0,1
129.591445833333,17.6292758474781,0.0947261802992527,0.0626610484871526,127.177927083333,129.202066666667,138.022564583333,1.59833525464429,0.855135416666667,0.981375940869554,56.0357029044876,3.44234131080012,1.11722058086336,5.86890093125791,0.00546935901626977,1152.70968390877,1.06937682570594,9110766,48,27,15,11,8,5,4,2,2,2,2,1,4,3,0,1,1,1,1,1
95.6557708333333,15.4919333848297,0.075290292344465,0.049926454334922,94.76006875,95.3292666666667,99.6658895833333,1.71562306305994,0.502508333333333,0.990636193974183,64.2572953056694,3.45978562702361,0.815029471505989,4.18567949975273,0.0008989865969271,1576.98504203653,1.0687682570594,11302832,30,44,27,14,14,15,10,8,8,1,2,0,3,1,1,0,0,1,0,1
99.002425,15.1185789203691,0.0782741538393335,0.0487242743622569,98.2521979166667,98.5436479166667,103.35374375,1.81110952163856,0.532154166666667,0.992422134272637,44.407206622349,3.5596919708508,0.868939552964361,4.06600321874921,0.0009534706331045,1426.35230635116,1.0603700097371,12059804,32,44,34,15,16,13,10,4,7,1,5,4,0,1,0,1,0,0,1,1
127.677035416667,27.0592570081018,0.0954584958257425,0.0608711171829417,125.025160416667,127.545425,135.449975,1.82291029965099,0.756441666666667,0.979229820058511,34.0,4.96636982576186,1.54993086564549,9.34769825902549,0.0228770085749491,986.942624118826,1.30939629990263,8198726,34,7,6,2,0,3,1,0,1,3,0,0,0,1,0,0,0,0,0,1
123.52530625,28.5498570858532,0.098412039453473,0.062476229479443,120.851497916667,123.394939583333,131.349497916667,1.68958434088526,0.743035416666667,0.978354165518749,37.1214223865412,4.12685373330873,1.23098944986952,8.49049672676675,0.0158695233065942,923.48560783229,1.26837877312561,8426021,26,5,6,3,5,1,1,0,2,0,1,1,0,1,0,0,0,0,0,1
107.494535416667,15.8022461270213,0.0870258997771429,0.0424417950874664,105.795570833333,107.257254166667,113.220091666667,1.65030722689186,0.599989583333333,0.984194874867379,31.0161248385416,5.01119449910558,1.10538441355078,4.23760069068994,0.00105824762575335,1354.24748744772,1.04503407984421,11609981,47,46,32,9,20,4,7,3,2,0,1,0,1,0,0,0,0,0,0,1
102.473079166667,17.6292758474781,0.0890043553884892,0.0398311345356288,100.332010416667,102.480295833333,108.055777083333,1.77358160886249,0.579579166666667,0.979106036752173,10.295630140987,12.8769667905674,2.5024365064765,5.3449258598,0.00260266049739734,1198.86886530708,1.08106134371957,10632361,82,26,17,5,4,1,2,0,0,0,0,0,0,0,0,0,1,0,0,1
107.780677083333,16.5353476382865,0.0889559055613314,0.0440654917625347,105.712004166667,107.720677083333,113.56746875,1.63930264285442,0.620129166666667,0.980806643893439,31.4006369362152,6.20982827072407,1.519183465356,4.6091818174198,0.00185036169017862,1245.58032204256,1.04819863680623,11501231,54,47,18,19,7,1,2,3,0,2,2,1,1,0,0,0,0,0,0,1
124.650754166667,24.3265456223815,0.0957154351795938,0.0574207291569891,122.185995833333,124.3880875,132.561260416667,1.81634666527855,0.762675,0.980226687356919,55.9732078766261,5.25524087099539,1.47027565447118,8.13311707362051,0.0098532283886975,879.456609751804,1.14849074975657,8099891,32,15,7,6,2,5,0,1,1,1,0,0,1,0,0,1,0,0,0,1
108.50693125,18.0225422755833,0.0879952835790314,0.0389331413365483,106.344335416667,108.4853,114.348997916667,1.69226181341755,0.626514583333333,0.980069514376453,38.1182371050918,9.08710577207755,1.75877674250788,5.34171130166554,0.00300500414916891,1108.05403978173,1.06499513145083,10749259,55,45,12,9,3,5,3,0,0,0,0,0,0,0,0,0,0,0,0,1
102.546472916667,15.3644255919475,0.0817406924049773,0.0488723369157546,101.810366666667,101.974641666667,107.440554166667,1.66805162425756,0.553027083333333,0.992821730196433,2.23606797749979,3.85110779740199,0.908988507050273,3.87698342847084,0.000955566172957477,1533.85223929389,1.05148490749757,12273743,25,51,24,24,10,13,15,5,5,2,3,1,0,2,1,0,0,0,1,1
134.713802083333,23.8415824271708,0.0939846799554975,0.0572191910784943,132.446602083333,134.25075,143.099347916667,1.86874872717396,0.815995833333333,0.983170247109516,34.928498393146,5.45932215140669,1.72727526046675,8.818913923605,0.0209679717688871,1052.66508243854,1.19048198636806,8468941,48,10,4,2,1,1,2,2,3,0,1,0,1,0,0,0,0,0,0,1
100.577166666667,15.6669890360128,0.0843102165893586,0.0542624802704551,100.063558333333,99.88654375,105.504839583333,1.76258941431445,0.537814583333333,0.994893390315562,40.1995024844836,3.81373306846236,1.05925771311877,3.20969019538814,0.000291280039563792,1644.81423458311,1.05245861733204,13728542,33,44,22,20,17,2,6,9,8,3,2,1,1,1,1,1,0,3,0,2
102.7470375,16.8033610083361,0.085133339334321,0.0407091775016253,100.67450625,102.7761125,108.06080625,1.75607692447409,0.5751375,0.979828797983591,105.209315176937,11.6537787990329,2.27328457747602,5.26432930151466,0.00218774360650791,1262.98188615351,1.08373904576436,10766538,59,48,25,9,5,2,0,0,2,0,0,1,0,0,0,0,0,0,0,2
112.217729166667,15.9410679397217,0.0892216083623492,0.0448242178838538,110.270345833333,112.017641666667,118.423204166667,1.75458613827571,0.655372916666667,0.98264638441898,7.28010988928052,3.95839415033516,0.878438696463885,4.29860395134995,0.00140191616164156,1282.534178255,1.05927458617332,11381954,23,36,26,31,19,9,6,6,4,4,2,0,2,0,0,1,0,0,0,1
126.796295833333,25.021729686849,0.0963688220717491,0.0607966046668455,124.308625,126.474445833333,135.071372916667,1.93006432495808,0.797429166666667,0.980380571711628,102.532921542303,5.77717940222005,1.73814366545922,8.96953923269713,0.0120095388974108,877.261820940311,1.31828140214216,7879635,40,9,5,3,4,1,0,2,1,0,0,0,2,0,0,0,0,0,1,1
106.697904166667,17.2606788534738,0.0880418595751557,0.0405742173100462,104.554364583333,106.671822916667,112.515045833333,1.73306497105389,0.60919375,0.979910199735648,12.2065556157337,8.33359872976186,1.81994040419885,5.75501253132832,0.00371958323903404,1125.68606717463,1.07436708860759,10442005,61,41,20,9,4,3,0,4,1,0,0,0,1,0,0,0,0,0,0,1
106.052297916667,16.8585446084705,0.0891999907855531,0.0404398597795462,103.964472916667,106.002833333333,111.81239375,1.68667279161474,0.604220833333333,0.980313250716731,12.0830459735946,7.86611212311696,1.70404313651065,4.94532946077569,0.00260056495754436,1241.77148137903,1.06024829600779,11017650,52,44,27,12,3,7,2,0,2,0,1,0,0,0,1,0,0,0,0,1
124.186960416667,20.7846096908265,0.0949698723406894,0.0588807240637522,121.68884375,123.956754166667,132.0660125,1.65304395771242,0.786495833333333,0.979884227311103,74.3303437365925,3.53856762492787,1.13815048829133,7.07981282638033,0.00633691251540222,1005.65000293376,1.10516066212269,8627260,46,16,10,2,6,2,2,5,3,2,2,0,1,1,1,0,0,0,0,1
110.366877083333,15.578723606685,0.0884378905906843,0.0459415571690866,108.378770833333,110.225791666667,116.379927083333,1.73687729833576,0.638291666666667,0.981986386653861,98.8433103452125,5.34459783824398,1.200464211982,4.4038084341288,0.001634521085322,1289.37290131684,1.0533106134372,11661433,34,41,40,17,18,4,9,4,2,3,1,2,0,0,0,0,0,1,1,1
104.91465,18.0906806746658,0.0854429592482152,0.0499706001115425,102.819041666667,104.931020833333,110.380270833333,1.7766660233748,0.597539583333333,0.980025589054214,81.3019064967114,8.88055024245463,2.24669288783875,5.97806598435889,0.0037593984962406,1125.63239620791,1.10966407010711,10134206,61,29,25,4,1,3,2,1,0,0,0,0,2,0,0,1,0,0,1,2
93.65175,16.5353476382865,0.0725718544074573,0.0407122003096426,92.7053479166667,93.4135166666667,97.3597,1.73381058492541,0.491035416666667,0.989894453832061,174.590950510042,7.21483827697179,1.6945365954754,5.11598603532242,0.00159680136796842,1375.78200937125,1.07534079844206,10548367,51,54,25,7,9,1,2,2,2,1,1,2,0,0,0,0,0,0,0,1
127.317764583333,24.6667935537911,0.0951811111557065,0.0567469869113742,124.765072916667,127.059358333333,135.4437375,1.96730577728827,0.803745833333333,0.979950231807629,53.8144961882948,5.87483761221696,1.70042340386214,8.85473508185179,0.0137299771167048,874.921174172891,1.30270204479065,7949488,38,13,6,3,3,2,0,1,1,0,1,1,0,0,1,0,0,0,0,1
100.729358333333,17.0274157142545,0.0893945040072829,0.0395947128446015,98.6175916666667,100.739152083333,106.216933333333,1.73524152330647,0.566189583333333,0.97903524154618,2.82842712474619,13.517871267936,2.55806405766476,5.55174307004971,0.00282897880151885,1186.62355302973,1.08240019474197,10704346,89,31,13,8,3,1,2,0,0,0,0,0,0,0,0,0,0,1,0,1
105.067035416667,17.7574904520116,0.0873657294088432,0.0442419377992853,102.893758333333,105.11404375,110.580933333333,1.70446550877443,0.598760416666667,0.979315328783051,36.4005494464026,6.6858536451049,1.6696281769312,5.5420239562116,0.0030511060259344,1144.79521546341,1.06949853943525,10379733,58,36,16,8,4,4,4,2,3,0,0,0,0,1,0,0,0,0,0,1
108.97773125,16.0356745147455,0.0887641756619584,0.0507246353347547,107.170629166667,108.728720833333,115.0487625,1.70223913272413,0.625083333333333,0.983417694031565,10.0,3.4396496003996,0.78175492843025,4.29324146486618,0.00108548964384205,1371.52398135808,1.0590311587147,11244305,23,37,23,19,18,12,7,15,0,4,1,2,1,2,1,0,2,0,0,1
126.649225,25.7801354654196,0.096240828698097,0.0586202099280901,124.11251875,126.368914583333,134.86260625,1.91564296086254,0.792502083333333,0.979970613716744,35.8468966578698,5.97261542559448,1.72604000793079,8.82757688535721,0.0143125371958324,872.327319133955,1.2850535540409,7885754,32,14,2,5,6,0,0,0,3,0,0,0,0,1,0,0,0,0,1,1
128.90111875,26.6119657543646,0.0943758402224121,0.0557261180641023,126.58630625,128.546341666667,136.84781875,2.02756942009137,0.757404166666667,0.982041951827513,156.604597633658,6.66160191556035,1.91442552811906,9.17280240735618,0.0178078976705979,965.365516634395,1.27276046738072,7940726,41,8,1,3,0,2,1,1,2,1,0,0,0,0,0,0,0,0,0,1
102.0019125,15.1587345791973,0.083138560396689,0.0467137517584727,101.311489583333,101.39349375,106.957275,1.6952596000143,0.5588125,0.993231274789415,142.337626789265,3.22898956402131,0.642092460025786,3.40177156939171,0.000400248111918592,1621.30541655141,1.04783349561831,12888113,28,29,25,31,19,17,10,6,6,4,4,2,2,1,2,1,0,0,0,1
117.837689583333,24.8423601363248,0.0991961521491942,0.0624216602274606,115.330810416667,117.6713375,125.415270833333,1.92580738666215,0.703077083333333,0.978725998655177,27.459060435492,3.8109659061603,1.15206074086507,8.02364607170099,0.0121897553247668,933.454665090821,1.18950827653359,8181671,34,6,6,5,4,4,4,0,2,1,0,0,0,1,0,2,0,0,0,1
105.6885,14.308715403309,0.0780214235231758,0.0487164395244044,104.852097916667,105.243010416667,110.201908333333,1.7248210843259,0.606160416666667,0.992086158065132,103.846039885977,4.18721336138489,0.884810828325255,3.34324942791762,0.000611897637069262,1507.04454279512,1.05720545277507,13057432,26,38,39,31,18,16,10,10,7,6,1,4,0,1,0,0,0,0,0,4
138.63631875,26.6119657543646,0.0914502836100262,0.0641364584380433,136.29978125,138.171945833333,147.1990625,1.67246820295737,0.859439583333333,0.983146281428509,43.9089968002003,4.61535057442634,1.44564081077702,8.89336635904142,0.0149558679306963,997.610124810354,1.21129503407984,8505953,34,9,3,3,1,2,4,1,1,0,0,1,0,0,0,0,0,1,0,1
131.698841666667,25.021729686849,0.094800457865769,0.0619724078515433,129.431166666667,131.21738125,140.168975,1.83573416080163,0.831116666666667,0.982781359567766,161.697247966686,4.57343693957472,1.36179403543353,8.09772759658343,0.0120933604915298,974.561470566047,1.1713729308666,8196754,28,15,8,4,3,3,0,2,1,1,0,1,0,0,0,0,2,0,0,1
102.17285,17.2606788534738,0.0901032554693574,0.0484477397191595,100.023241666667,102.201883333333,107.669527083333,1.78869764620934,0.577079166666667,0.978961061247354,9.21954445729289,6.13741041759386,1.66130443859865,4.94005079588604,0.0023972975918056,1256.76649818526,1.06840311587147,10606759,42,41,25,10,10,4,2,1,1,1,1,2,1,1,0,1,0,1,0,1
93.6911520833333,15.8481163138612,0.0803514767057416,0.0421364625121143,93.2242354166667,93.12923125,97.8153541666667,1.8033285239816,0.4697,0.995016427311606,43.1740662898458,5.08545857651714,1.0650381096416,3.83741544496693,0.000559509140744839,1742.65426107074,1.06682083739046,12748527,44,43,25,27,14,7,4,3,0,2,0,2,0,0,0,0,0,0,0,1
96.4739104166667,15.8022461270213,0.0759512318521501,0.0490831378105045,95.9826791666667,95.94978125,100.478275,1.77649602208767,0.493816666666667,0.994908144099494,97.0051545022222,2.83472738613678,0.554412860023476,3.65252177265907,0.000555318061038885,1587.62233761662,1.04722492697176,12533084,23,33,26,20,16,10,11,6,11,6,4,4,1,0,0,0,0,1,0,1
104.081497916667,14.1749861572468,0.0811982125441449,0.0518090086049408,103.3187,103.565283333333,108.768425,1.70694025535865,0.57835625,0.992671147783851,95.5091618641898,3.35996149728645,0.756463959570211,3.22507564898869,0.000431681209713246,1578.0570196394,1.0603700097371,13230063,18,39,31,24,26,21,11,13,8,6,3,2,2,0,4,1,2,1,2,1
105.435222916667,14.8084212562151,0.085395542501757,0.045104356813243,104.810608333333,104.7428,110.66230625,1.73425581758535,0.585495833333333,0.994075845186698,29.0688837074973,4.63230490155143,1.04497582121982,3.06306946295505,0.000272420180887,1609.92403668033,1.04406037000974,13407822,40,45,28,23,23,17,5,2,5,2,1,1,2,0,0,0,1,1,0,1
96.5590291666667,15.6226693176989,0.0806557331295338,0.0489934287575785,96.14115,95.9400104166667,100.856016666667,1.73528363138142,0.491622916666667,0.995672293204757,59.2283715798434,4.07831974269012,0.974591162219236,3.58095699114006,0.000345764075741192,1757.61067803287,1.07412366114898,12868637,20,38,34,22,18,13,7,9,5,2,1,1,0,0,2,1,2,1,0,1
138.760485416667,25.7801354654196,0.0922162287427387,0.071965730465084,136.888729166667,138.000483333333,147.563454166667,2.02240907192552,0.841260416666667,0.986510884245039,60.5309838016862,3.48307330998957,1.28220455488279,10.2421584898702,0.0223845567094995,1072.82587321146,1.41333982473223,7793131,35,4,9,3,1,0,1,2,1,1,0,0,3,0,1,1,1,1,0,1
106.387072916667,15.9881613006358,0.0895558215799118,0.0446983498658302,104.218633333333,106.401085416667,112.086622916667,1.69126040634161,0.6202875,0.979617452347506,62.0322496770833,5.74171271239792,1.41557905920318,4.60953805919481,0.00163033000561605,1246.87013520423,1.05306718597858,11082645,38,49,32,20,6,6,6,2,3,1,2,1,0,1,0,0,0,1,0,1
94.1479333333333,15.8022461270213,0.0756727170551858,0.046515625941984,93.3033625,93.8004604166667,98.1457895833333,1.71984390975817,0.47773125,0.991029321585392,6.40312423743285,4.39920220812985,1.0319138076581,4.78760027158197,0.00164709432443986,1504.01020947016,1.067429406037,11072136,39,41,27,19,18,8,4,6,2,3,1,1,2,0,0,0,0,1,0,1
99.1970479166667,15.7567719431667,0.0784751102670062,0.0381530972423421,98.4899895833333,98.7143333333333,103.559908333333,1.81330597595532,0.528952083333333,0.992872183717329,47.6340214552582,10.1275614237626,2.04879147875494,4.05997015951249,0.000945088473692593,1394.08173862751,1.06341285296982,12122305,70,55,21,14,5,4,0,1,1,0,1,0,0,0,0,1,0,0,0,1
92.8460791666667,15.8481163138612,0.0755087146309334,0.049533497942009,92.42538125,92.3187020833333,96.6655583333333,1.83331183230708,0.45793125,0.995468867178425,49.2036584005702,3.54968219787937,0.875517049211695,3.74588645526861,0.000479878626331716,1694.44656792483,1.04905063291139,12470536,25,40,24,25,17,9,10,4,2,4,1,6,1,1,0,1,1,0,0,1
104.394279166667,15.1185789203691,0.0799113662216277,0.0473220590490742,103.8412875,103.791158333333,108.9680375,1.7530038072092,0.577885416666667,0.994702854686282,92.655275079188,3.86181278823997,0.917748251367924,3.44708761871233,0.000754394347071693,1527.67591637958,1.04600778967868,12957002,27,36,36,31,13,13,5,9,6,2,2,2,1,2,2,0,0,1,0,1
135.418329166667,24.8423601363248,0.0921843376025042,0.0605806567195966,133.093570833333,134.958352083333,143.913760416667,1.79210775092843,0.854352083333333,0.982832764606982,158.432951118131,4.96580473686756,1.49350050470044,8.29521965448739,0.0115569022891677,1008.46677312009,1.20618305744888,8291819,34,13,8,2,3,1,3,1,1,1,0,0,0,0,1,1,0,0,0,1
102.71085625,15.578723606685,0.0836657779803535,0.0525472552714925,102.214375,101.985483333333,107.769572916667,1.72139239708347,0.553560416666667,0.995166224213032,146.342065039414,2.4647066130423,0.388530788881627,3.17196000033529,0.000270324641034023,1649.35959882985,1.04406037000974,13110912,18,32,18,19,18,13,14,12,6,4,10,5,2,1,4,0,0,1,0,1
127.316035416667,23.6862610185517,0.0953915803146995,0.0582631591871164,125.109695833333,126.863802083333,135.519333333333,1.88072609962539,0.766333333333333,0.982670371598419,30.5941170815567,5.4840369461629,1.75682472853113,8.95609215346057,0.0187928014014971,963.388299343677,1.29868549172347,8230880,48,13,2,2,2,1,1,2,0,0,3,2,0,0,0,0,0,0,0,1
108.317660416667,16.3299316185545,0.0885258438771019,0.0482519362743,106.1371375,108.32035625,114.120960416667,1.69661023512541,0.640991666666667,0.979869183766721,39.0512483795333,3.91772907392049,1.02297452592518,4.73128682911292,0.00233233585636332,1213.21249612325,1.04905063291139,10818310,36,36,28,18,15,6,5,3,0,4,2,6,1,0,1,0,0,0,0,1
98.0670583333333,15.6226693176989,0.0738451819201322,0.0485285941819421,97.2261895833333,97.75974375,101.870047916667,1.77430453732529,0.54028125,0.991425573844156,68.3520299625402,5.33803091087295,1.35987658465616,4.351468135221,0.00107920302428312,1386.3956463064,1.06657740993184,11745362,27,43,32,25,11,8,12,5,4,2,0,0,0,0,2,1,1,0,2,2
107.2575,16.4832676738427,0.0873426614534963,0.0363931490544854,105.14559375,107.225735416667,113.014541666667,1.68201137037943,0.615425,0.980309943360604,7.28010988928052,11.5514247098573,2.14889993810822,5.68816690555821,0.0040318186771276,1164.84787637991,1.08373904576436,10546744,79,45,20,3,7,0,3,0,0,0,1,0,0,0,0,0,0,0,0,1
101.497339583333,15.7116880969915,0.0789837330031364,0.0393132412504416,101.049179166667,100.895427083333,105.794854166667,1.79777398705218,0.54765625,0.995584510702384,62.0966987850401,5.14927249754978,0.891031325849933,3.51501035196687,0.000410725811183477,1567.65279419284,1.05391918208374,12822061,37,40,36,25,17,7,4,5,2,1,0,0,0,0,0,0,0,0,0,1
102.578027083333,16.8033610083361,0.0852588846677309,0.0357116417053,100.541470833333,102.603066666667,107.7957125,1.78182345789436,0.568608333333333,0.980146271985271,10.0498756211209,14.1187887193285,2.54649768765055,6.23889573431908,0.00530590690773757,1145.52975247483,1.09761441090555,10161603,91,35,15,4,3,2,0,0,1,1,0,0,0,0,0,0,0,0,0,1
105.31378125,15.2811489592083,0.0844836691976462,0.0407177544210212,104.744089583333,104.59761875,110.527870833333,1.72890664901124,0.580258333333333,0.994590530698786,27.3130005674953,5.67527808874778,1.24096344582,3.11388211331003,0.000274515720739977,1625.17852323115,1.04393865628043,13322187,50,50,28,27,11,8,4,1,2,0,1,0,2,0,0,0,0,0,0,1
94.83411875,15.8481163138612,0.0754351906463974,0.0359865750132819,93.7429770833333,94.6387895833333,98.68916875,1.72917353932348,0.504533333333333,0.988494207769852,32.7566787083184,10.5232349274148,2.06736952718801,4.6774985121667,0.00188389032782625,1506.9373433584,1.07351509250243,11072577,67,67,19,5,6,0,3,2,1,1,0,0,0,0,0,0,0,0,0,1
108.804475,15.4065777303929,0.0876782502791265,0.0501287903095348,106.74716875,108.738685416667,114.596716666667,1.6815614835393,0.633395833333333,0.981091712909786,111.305884839931,3.79104311098477,1.01304185408225,4.19677957435395,0.000978617111340224,1324.33274658217,1.0562317429406,11191748,30,39,32,25,14,11,5,6,4,1,4,3,2,2,0,0,3,0,0,1
123.306916666667,24.4948974278318,0.0985197311910608,0.0498485089692765,120.707027083333,123.095664583333,131.351785416667,1.86583432251787,0.754352083333333,0.978915298073979,67.7200118133481,8.77655264365881,2.16989984317329,8.35770027074375,0.00935448990368899,830.722437364314,1.17563291139241,7881304,48,11,2,4,3,0,0,1,0,2,0,0,0,0,0,0,0,0,0,1
108.742860416667,16.1807966991178,0.089045850946381,0.0483401018137193,106.653560416667,108.684725,114.576516666667,1.6866441272221,0.634435416666667,0.980786784603656,23.7697286480094,6.21451894112994,1.62397753585689,4.53722516994828,0.00170996052002917,1257.32950268648,1.057570593963,11102953,50,43,27,12,11,4,6,3,2,0,1,0,1,1,1,0,0,0,1,2
126.0376125,25.7801354654196,0.0951880619623515,0.0532807588593086,123.541158333333,125.81539375,133.8241125,2.08957073596782,0.76095,0.980192784382784,85.146931829632,7.91292489999468,2.14383975907491,8.73351229243678,0.0151884728543767,926.72662425294,1.27434274586173,7948011,46,8,1,2,2,1,2,0,0,1,1,0,0,0,0,0,0,0,0,1
133.91561875,19.6396101212393,0.0907065233588072,0.0560988123694024,131.415577083333,133.619416666667,142.065745833333,1.66594356510158,0.852597916666667,0.98133121670196,38.0788655293195,4.31974767829175,1.28006482129394,6.67820051801745,0.00845131222705593,1060.93512627723,1.1123417721519,9004512,44,21,14,8,7,4,2,3,1,0,2,3,1,0,0,0,1,0,0,1
94.9729666666667,16.3299316185545,0.076007226416159,0.0447428951465332,93.97350625,94.7357583333333,98.8249375,1.78762378354003,0.494785416666667,0.989476369415999,90.6035319399857,5.33106729621242,1.37867778570452,4.74353106847386,0.00167433634252856,1416.63313802902,1.08471275559883,11444042,45,51,25,10,13,3,2,2,2,4,3,1,0,0,0,0,0,0,0,1
103.714675,17.5037989797473,0.0885882631761649,0.04008607282607,101.633229166667,103.683354166667,109.347654166667,1.69703230265923,0.582339583333333,0.9799310383672,129.865314845805,9.20614825472557,1.9745676964239,5.51261305437507,0.00369653230065129,1177.28934376074,1.08069620253165,10226158,65,43,13,8,3,3,2,1,0,1,1,0,0,0,0,0,0,0,0,1
116.9508625,25.9807621135332,0.101233972502952,0.0621664977857074,114.364672916667,116.80739375,124.648325,1.82536088899596,0.705827083333333,0.977886528341479,11.7046999107196,3.51120183252724,1.04747302986359,8.00016345210853,0.0137593146746465,948.239239402855,1.16163583252191,8202163,28,7,7,3,3,4,4,1,3,0,1,0,0,0,2,0,0,0,0,1
94.34535,15.7567719431667,0.0752821043863722,0.0422077526602078,93.2948895833333,94.1353479166667,98.1698645833333,1.75587649017794,0.501777083333333,0.988865795540886,70.0071424927486,8.92547512856168,1.99651621058519,4.87194784620414,0.00168062296208749,1430.47449727999,1.09371957156767,10741266,71,53,22,9,5,4,2,4,1,0,1,0,0,0,0,0,0,0,1,1
104.074810416667,16.8033610083361,0.0883834476714709,0.0478403562499573,101.9775625,104.086533333333,109.544214583333,1.71452068153066,0.58441875,0.979848650136664,101.533245786787,6.33872482133211,1.56945617138136,5.04551931668637,0.00268857763136939,1168.88707135732,1.05830087633885,10758919,40,41,26,14,12,5,4,2,3,1,1,0,0,0,1,0,0,1,0,2
96.8196,15.578723606685,0.0753483606261674,0.0427246230733629,95.88364375,96.5274145833333,100.8009625,1.77121770268995,0.51915,0.990332987845436,85.0,5.85027550723487,1.24682003188397,4.41252587991718,0.00103310114751762,1525.94158892214,1.07339337877313,11741004,49,38,31,27,10,11,3,3,2,0,0,2,0,0,0,0,0,1,0,1
123.252377083333,22.9527616702802,0.0966248501729418,0.0558631520317716,120.739783333333,123.040979166667,131.0312,1.70119093034398,0.75228125,0.979614236987079,34.5398320783411,5.01450140170131,1.45775732758856,8.11809414841451,0.00909254742206687,899.583938944351,1.16613924050633,8165677,43,13,2,10,4,2,3,0,0,1,1,1,0,1,0,0,0,0,0,1
91.20745,16.131985738136,0.0781980281861363,0.0474867836485816,90.6260125,90.7558791666667,95.0628541666667,1.75039953819165,0.446435416666667,0.993625109571641,25.0798724079689,3.59033857260237,0.750095444733172,3.92113435763321,0.000486165245890646,1706.54769448705,1.06146543330088,12481255,30,41,19,20,16,11,13,5,1,3,2,1,2,0,0,0,1,0,0,1
93.85245625,15.5351466720757,0.0761408151125487,0.0455132330858523,93.1581979166667,93.450475,97.7558375,1.67011713309156,0.478016666666667,0.992602662081811,104.06248123123,5.53105711721998,1.3847984196816,4.77343023109614,0.00120283987560875,1385.13711117258,1.07144595910419,11298649,45,40,37,17,12,9,4,3,2,4,0,2,1,0,1,0,0,0,1,1
108.4050875,15.4065777303929,0.0894448110603609,0.047258504700704,106.31175625,108.342475,114.286689583333,1.70572407289294,0.630285416666667,0.980689732389174,29.5296461204668,3.72966876679083,0.895243656130042,4.19735165673381,0.00115883353869624,1373.37985012699,1.06888997078871,11405378,41,40,26,19,17,15,4,4,5,2,2,2,2,1,1,0,0,0,0,1
121.227441666667,25.3924421709095,0.0988708655401577,0.0632761665613261,118.600091666667,121.085622916667,128.994860416667,1.8312118020549,0.72706875,0.978327101818874,38.0131556174964,3.74474583898771,1.15962735725135,7.89787386526517,0.0129965381681629,943.198196159295,1.20581791626095,8231941,28,13,5,3,3,4,3,3,0,0,0,1,0,0,2,1,0,0,0,1
126.185729166667,22.8140730188812,0.0941927061906708,0.0596502768104355,123.601304166667,126.010947916667,133.994639583333,1.68902072131181,0.792427083333333,0.979518880486188,148.660687473185,4.90158602886195,1.51363266477585,7.48414724101223,0.00999153401899397,977.91676515704,1.16601752677702,8492945,37,18,6,2,5,6,2,0,1,1,0,1,1,1,0,0,0,0,1,1
95.24831875,15.5351466720757,0.0780196223261131,0.0406873560857132,94.5006229166667,94.8096270833333,99.47735,1.74031900134576,0.48113125,0.992150036419059,8.54400374531753,5.32534263652488,1.0574421457251,4.34996772868627,0.00118607555678494,1571.64543884796,1.06402142161636,11973406,46,51,31,18,12,8,6,3,1,1,1,0,0,0,0,0,0,0,0,1
107.3130875,19.6396101212393,0.0881652112258657,0.0506902216566586,105.147845833333,107.295077083333,113.147154166667,1.79744701544901,0.61508125,0.979823135116985,9.4339811320566,6.0400125718957,1.61001469193005,5.64138607388035,0.00300081306946296,1076.78581906271,1.08495618305745,10180451,37,33,16,8,3,4,1,1,2,4,0,0,1,0,0,0,0,0,1,1
108.556872916667,17.4420569920143,0.0862509268471452,0.0514258684129714,106.410089583333,108.553864583333,114.242691666667,1.66162316652435,0.63665,0.980224344385995,68.2495421230062,6.64251705863374,1.87905402306554,5.27285605317642,0.00299871752960998,1138.68370759675,1.06779454722493,10753233,44,46,22,9,5,2,3,0,2,2,1,0,0,1,1,0,3,0,0,1
95.3963291666667,16.2300534240138,0.0820793563105273,0.0474443909247607,94.7581125,94.8617291666667,99.83299375,1.72169988057205,0.483722916666667,0.993309840407469,14.2126704035519,3.7082139592939,0.940548117205641,3.83324741619936,0.000534362662509116,1586.97528939405,1.06170886075949,12414426,43,40,19,14,12,9,10,4,3,4,3,1,0,0,0,0,1,0,0,1
132.511760416667,23.3845128886187,0.0956909841214796,0.0616914202245543,130.044025,132.066060416667,141.3133875,1.74330372969059,0.86809375,0.981377234677834,75.7165767847438,5.49564681156449,1.76960728564461,8.24517187617874,0.00964996102295873,946.789591034442,1.27848101265823,8292279,41,18,2,5,2,2,1,1,0,1,0,1,0,2,0,0,2,0,0,1
107.420416666667,14.733819163261,0.0851617245017302,0.051676782969395,106.798066666667,106.68734375,112.850645833333,1.66921235514839,0.6017875,0.994206408620335,9.4339811320566,2.82370282412305,0.681223036085375,3.09004953856212,0.000358337314859054,1567.8877167836,1.0463729308666,13410407,9,41,40,19,14,16,11,15,8,5,3,4,2,4,3,2,2,0,0,1
111.557102083333,15.4490787152235,0.0883927125257736,0.0416795473866832,109.691460416667,111.330183333333,117.674254166667,1.68665736533323,0.647041666666667,0.983276352362819,8.48528137423857,4.61128731925358,0.956490766009732,4.33928676205564,0.00142077602031835,1323.78751644999,1.05647517039922,11355706,28,49,35,26,18,6,7,3,2,2,3,1,0,0,0,0,0,0,0,1
108.298041666667,15.6669890360128,0.0895343669450686,0.0457499472897615,106.165741666667,108.2622875,114.14516875,1.73635925349997,0.627335416666667,0.980310816639113,6.40312423743285,4.8578614857689,1.09817622486269,4.24851635778409,0.0010351966873706,1369.72801988248,1.06012658227848,11545852,48,41,35,15,11,10,4,6,1,1,1,0,0,0,2,0,0,0,0,1
108.986595833333,15.7567719431667,0.0865366921387383,0.043050945726194,107.03375,108.887808333333,114.6707125,1.69252595992479,0.622827083333333,0.982081779705096,24.2074368738204,6.81017686599393,1.50982987117385,4.66529199252311,0.00234700463533416,1240.2770848526,1.05598831548199,11385891,51,46,29,20,11,5,3,4,1,1,0,0,0,0,0,1,0,1,0,1
128.49645,26.6119657543646,0.0956075234765945,0.0653137171408764,126.072147916667,128.114497916667,136.884714583333,1.80453043117567,0.8048875,0.981133314707657,85.4400374531753,4.36661511116513,1.45017084109726,8.81980662358237,0.0129399585921325,937.149877201365,1.24367088607595,8020627,30,12,2,5,2,3,0,1,0,0,0,1,1,1,1,1,0,0,0,1
99.9949625,15.4490787152235,0.079582855077786,0.0385178456775741,99.2684395833333,99.5009083333333,104.4742625,1.84219063533011,0.531404166666667,0.992734404828977,36.4005494464026,7.86333824807443,1.68188129538578,3.95594337013101,0.000660095053687731,1398.01038549551,1.06085686465433,12237558,73,53,25,8,8,6,4,2,0,0,0,0,1,0,0,0,0,0,0,1
128.839860416667,19.2153784566105,0.0940889997249249,0.0526154557032522,126.455816666667,128.491627083333,136.99614375,1.64816322963386,0.82675625,0.981496070064885,50.3289181286465,4.60962926770289,1.28205438859797,6.05128833790161,0.00605401463525033,1078.50672668293,1.06986368062317,8786284,43,29,7,10,10,5,3,2,1,2,0,1,2,0,0,0,1,0,0,1
122.711616666667,20.3809866146027,0.0947889144438149,0.0448947445488323,120.31784375,122.45700625,130.445566666667,1.71901371474987,0.7483625,0.980492695136035,33.9558536926993,8.52969551537727,1.96611456227437,6.94257382586902,0.00718770169571085,972.98460197316,1.11112463485881,8284082,61,23,6,3,5,1,2,1,0,1,0,0,0,0,0,0,0,0,0,1
95.1141958333333,15.7567719431667,0.0771931088264846,0.0430585316595694,94.3153708333333,94.72354375,99.2349520833333,1.73824598744273,0.488927083333333,0.991601411408663,27.8926513619627,6.29718727387143,1.373780314863,4.83269000259847,0.00135790982472905,1354.6328320802,1.07826192794547,11039774,38,48,31,23,12,10,3,3,2,0,0,0,0,0,1,1,1,0,0,1
107.22449375,15.7567719431667,0.0852435177260451,0.053116475551856,105.215210416667,107.17523125,112.7949,1.71339700146582,0.627191666666667,0.981260966938971,160.822883943797,4.75129651379729,1.34595907767593,4.58498880981719,0.00156536827017376,1319.41956898936,1.06389970788705,11491841,38,45,35,14,6,10,6,3,4,2,2,2,1,0,1,0,2,1,0,2
109.735166666667,18.0906806746658,0.0879562522848028,0.0500441120659875,107.51473125,109.729114583333,115.665479166667,1.77257796534027,0.645822916666667,0.979765507411025,117.388244726634,5.16324175670106,1.42056495290874,5.45626817880823,0.0030783480440231,1094.80307792894,1.0646299902629,10249482,42,36,22,12,3,3,2,0,3,1,3,2,1,1,0,0,0,0,0,1
97.5090208333333,15.3644255919475,0.0776004463271455,0.0483825478363151,96.66905,97.0676895833333,101.973916666667,1.73546825845183,0.524222916666667,0.991385711535664,94.0212741883453,4.57428188953453,1.1942717776856,4.73499803019254,0.00184407507061969,1419.33394942205,1.09651898734177,10782774,38,47,27,24,17,8,5,0,4,2,3,3,2,0,0,1,0,1,0,1
96.4969833333333,16.0356745147455,0.0762210851753053,0.0413220225250024,95.4309770833333,96.2646145833333,100.513489583333,1.75267649293428,0.515614583333333,0.988952957769492,43.4165866921848,6.22736236514954,1.4053306595368,4.71968801602669,0.00141868048046538,1447.9635501798,1.06901168451801,11189743,44,57,26,16,10,3,1,2,6,1,0,0,1,0,0,0,0,0,0,1
102.055127083333,16.2797627392608,0.0849564186871723,0.037700794766875,100.017372916667,102.081225,107.269679166667,1.73221903112958,0.571620833333333,0.980032809473622,28.6006992921502,10.4053671016443,2.07478284666066,5.47970260098407,0.00277239922548847,1219.11694369704,1.07753164556962,10707737,77,52,16,6,5,3,0,2,0,0,0,1,0,0,0,0,0,0,0,1
134.4693125,27.7746029931765,0.0928463379002642,0.0605211676007963,132.088758333333,134.075666666667,142.7807625,1.83502633596192,0.83851875,0.982296673327108,59.4138031100518,5.57940606217596,1.71652476137223,9.86751577941509,0.0192663934082698,943.292160166302,1.29856377799416,7966383,33,7,5,3,1,1,1,0,1,0,2,0,0,1,0,0,0,0,0,1
101.77675,16.9142754864578,0.0871143633922175,0.0400975466995763,99.7817583333333,101.760816666667,107.14378125,1.78428625380487,0.558866666666667,0.98039835555108,96.0052081920559,9.40491106443527,1.98523214175337,5.18863840202513,0.00251883890327826,1305.7514144894,1.07327166504382,10683729,56,41,29,13,3,2,2,0,1,0,1,1,0,0,1,0,0,0,0,1
125.020697916667,24.6667935537911,0.0967540036432764,0.0494391004232963,122.410825,124.834722916667,132.936929166667,1.82818460456073,0.772589583333333,0.979124473305962,80.6535802057169,9.76400355641032,2.37794227970929,8.19175237424665,0.0101005020913488,864.177840085163,1.22590068159688,8138347,46,13,4,1,1,2,1,0,1,0,0,1,0,0,0,0,0,0,0,1
106.9190625,14.6603333227566,0.0857945693248856,0.0512273317266024,106.285822916667,106.18896875,112.369410416667,1.71480015679618,0.597647916666667,0.994077393043609,25.0798724079689,3.26892583938874,0.785384110541278,2.98538780060519,0.000201171825885785,1621.78801518847,1.02921129503408,13443323,22,34,31,23,21,16,12,8,10,5,5,1,2,3,1,2,0,2,2,1
109.354064583333,16.5879243930273,0.0896663984294904,0.0510939181708408,107.260697916667,109.285741666667,115.245489583333,1.69322327421561,0.63685625,0.980856983463368,14.0356688476182,5.16588003763812,1.34639384269768,4.61603004165933,0.00224851426224424,1253.60684738602,1.05185004868549,11485372,39,37,26,20,11,6,5,1,1,2,1,0,3,2,0,0,0,0,2,1
133.667610416667,26.1861468283191,0.0928951499412445,0.0634536147230737,131.240475,133.302354166667,141.962791666667,1.8532386584305,0.832220833333333,0.981842007879838,143.279447235115,4.55379203198493,1.44315862457773,8.71164323853111,0.0130908374615468,941.905608502863,1.25255598831548,7878934,31,9,5,3,7,1,0,1,0,0,2,0,1,0,0,2,0,0,0,1
125.401152083333,20.0932405986941,0.094147792458191,0.0626479046966301,122.923520833333,125.165241666667,133.24250625,1.77776231070416,0.788527083333333,0.980242356558626,119.402680036924,3.67366446529752,1.22179938373096,6.97910327658611,0.00731552962674244,987.615719901761,1.0912852969815,8819766,49,20,6,5,3,5,2,6,2,1,2,1,0,0,0,1,3,0,0,1
129.259214583333,17.6930347385877,0.0928778493601754,0.0635278928109363,126.816870833333,128.942125,137.4391,1.67626494300119,0.84895625,0.981105070475069,135.351394525509,3.22869521504974,0.978482677562145,5.69622635183276,0.00446140434698787,1123.1778526584,1.06122200584226,9044025,34,26,20,12,11,4,5,5,2,1,3,2,2,2,2,2,0,1,1,3
90.6273166666667,16.2300534240138,0.0741880184592869,0.0329570469473159,89.7867520833333,90.3536666666667,94.1933083333333,1.78279613195884,0.452564583333333,0.990725041695486,65.1920240520265,15.9532785630817,2.52642390149072,5.0381870227408,0.00207458445444716,1498.8643179856,1.07984420642648,10718959,102,38,10,8,3,2,0,0,0,0,0,0,0,0,0,0,0,0,0,1
126.102258333333,21.1035737433798,0.0942324342654301,0.0674701445115522,123.595341666667,125.88189375,133.94505,1.68733121586638,0.798370833333333,0.980119970095698,113.841995766062,3.08911682149064,1.00202482917841,6.85561730412989,0.00679583574320416,1037.74005247232,1.08666017526777,8872707,33,17,10,4,5,7,2,4,2,2,1,1,0,1,2,1,1,0,3,1
90.1890916666667,17.2606788534738,0.0742063436111795,0.0465308037267648,89.2577291666667,89.9516916666667,93.8553729166667,1.79772932051805,0.452272916666667,0.989673224524289,18.3575597506858,5.96332942389353,1.38712230988094,5.00919313333501,0.00134743212546416,1514.87505134073,1.07217624148004,11190642,49,33,19,16,11,7,3,1,2,1,0,0,1,0,0,0,0,0,1,1
101.087952083333,15.8481163138612,0.0791549330261432,0.0481301038530907,100.2633125,100.6365375,105.589829166667,1.67228720459274,0.54303125,0.991842355430709,124.59534501738,3.82767970428485,0.80959888477128,4.18745023092849,0.00167433634252856,1472.95655526777,1.06134371957157,12197006,21,48,22,23,15,14,11,5,4,3,1,0,2,0,0,0,2,0,0,1
103.100460416667,15.9410679397217,0.0844451788883789,0.0505828107262926,102.522208333333,102.415647916667,108.167158333333,1.80037078954793,0.5600625,0.99439137244396,48.1663783151692,4.07117440169888,0.962961021942954,3.04790404103905,0.000207458445444715,1622.01420356912,1.04673807205453,13603116,25,45,24,15,15,11,11,9,4,1,3,1,1,1,0,1,0,0,0,3
97.0630625,16.8585446084705,0.0755729684931276,0.0437518491597912,96.1060395833333,96.7655458333333,101.09301875,1.8008403111743,0.506795833333333,0.990140194508424,16.1245154965971,5.9950000390838,1.37738165919347,4.74111491102338,0.00153812625208506,1410.96177735308,1.08191333982473,11182768,38,43,30,15,12,3,1,3,1,0,2,2,1,0,0,0,0,0,0,1
95.12739375,15.1587345791973,0.0741058883405496,0.0451134457360881,94.0715583333333,94.9101958333333,98.9889666666667,1.72781454525483,0.501625,0.988900826827639,48.0104155366312,6.03498983845211,1.42539991203466,4.58447540255321,0.00112111382134265,1479.01513398882,1.06243914313535,11228190,37,50,40,18,15,8,7,4,3,1,0,0,0,0,1,0,1,2,0,1
104.3892625,16.8585446084705,0.0906168788131828,0.0324212990818801,102.308858333333,104.329572916667,110.211779166667,1.79678524088503,0.602654166666667,0.980070707304148,16.1245154965971,18.5651046989844,2.74860321202188,4.99625317474288,0.00208506215371204,1219.46709583323,1.07339337877313,10857041,97,35,10,7,2,0,0,0,0,0,0,0,0,0,0,0,0,0,0,1
99.7479020833333,16.0356745147455,0.0778532358914196,0.0420954125201083,98.8559833333333,99.35461875,104.135895833333,1.72743488991914,0.536302083333333,0.991058270586434,86.9252552484029,5.62513792778204,1.28107725112387,4.27745785869356,0.00102471898810572,1440.33056302965,1.06061343719572,11993789,56,38,30,11,14,8,4,2,0,2,1,0,0,0,1,0,0,0,0,1
95.4495791666667,16.8033610083361,0.077411984359133,0.0459062948439829,94.5219229166667,95.12889375,99.5598833333333,1.75369585422351,0.49883125,0.990281190780525,13.3416640641263,5.0002489668553,1.24172732945394,4.60666926513609,0.00118398001693196,1454.0829582317,1.06609055501461,11590592,41,34,26,19,11,5,5,4,2,0,2,1,1,0,0,1,0,0,0,1
104.706352083333,16.9142754864578,0.0911023459901574,0.0325677738653221,102.54239375,104.684414583333,110.54120625,1.69313658386817,0.595741666666667,0.979333074925473,10.770329614269,19.6777026156505,3.04712356218585,5.1598959774017,0.00235329125489309,1178.27008574949,1.08118305744888,11080825,108,25,9,4,3,1,0,0,0,0,0,0,0,0,0,0,0,0,0,1
